Transaction_ID,Transaction_Date,Amount,Merchant,Payment_Method
TXN464347,2024-02-20,358.24,Clothing,Debit Card
TXN306575,2024-01-05,68.3,Online Store,Debit Card
TXN952027,2024-01-19,228.71,Electronics,Credit Card
TXN340672,2024-02-05,407.67,Electronics,Cash
TXN251756,2024-01-14,436.55,Electronics,Credit Card
TXN625625,2024-01-19,270.62,Restaurant,Debit Card
TXN236019,2024-02-06,414.91,Restaurant,Cash
TXN387049,2024-02-03,165.83,Electronics,Cash
TXN103697,2024-01-27,203.11,Supermarket,Debit Card
TXN417082,2024-01-08,486.6,Online Store,Debit Card
TXN667280,2024-01-24,37.88,Supermarket,Debit Card
TXN431691,2024-01-02,406.43,Electronics,Net Banking
TXN966469,2024-02-12,228.12,Supermarket,Credit Card
TXN225425,2024-01-25,235.66,Clothing,Cash
TXN534989,2024-01-02,483.69,Clothing,Cash
TXN405784,2024-02-15,193.67,Restaurant,Debit Card
TXN262331,2024-01-14,127.01,Restaurant,UPI
TXN184536,2024-01-30,437.45,Restaurant,Credit Card
TXN936021,2024-01-16,477.19,Clothing,Cash
TXN503569,2024-02-10,450.84,Restaurant,Net Banking
TXN207779,2024-01-01,32.19,Supermarket,Net Banking
TXN414098,2024-01-21,116.06,Clothing,UPI
TXN772758,2024-01-21,403.09,Clothing,Debit Card
TXN318417,2024-01-20,481.84,Supermarket,Credit Card
TXN329791,2024-02-19,360.02,Clothing,Debit Card
TXN248801,2024-02-11,73.48,Restaurant,Debit Card
TXN327965,2024-02-16,272.39,Electronics,Net Banking
TXN371672,2024-02-09,471.63,Restaurant,Credit Card
TXN166405,2024-01-08,136.41,Supermarket,Debit Card
TXN282032,2024-02-13,98.39,Online Store,Net Banking
TXN764809,2024-02-13,327.75,Electronics,UPI
TXN697280,2024-01-27,145.9,Clothing,Net Banking
TXN695429,2024-02-16,206.57,Electronics,UPI
TXN351694,2024-01-22,281.72,Online Store,Credit Card
TXN824012,2024-01-22,419.25,Online Store,UPI
TXN186673,2024-01-17,194.3,Supermarket,Cash
TXN449149,2024-01-20,182.42,Restaurant,Debit Card
TXN983044,2024-01-26,86.98,Clothing,Cash
TXN618175,2024-01-08,155.32,Clothing,Cash
TXN950505,2024-01-03,79.36,Restaurant,Debit Card
TXN953200,2024-02-04,298.46,Online Store,Debit Card
TXN884047,2024-01-31,272.43,Supermarket,Net Banking
TXN557962,2024-01-23,115.15,Restaurant,Cash
TXN871520,2024-02-12,403.8,Restaurant,UPI
TXN315827,2024-01-23,168.36,Supermarket,Credit Card
TXN744562,2024-01-31,421.12,Online Store,Net Banking
TXN975893,2024-01-26,317.37,Supermarket,UPI
TXN674086,2024-01-25,59.23,Electronics,Credit Card
TXN161154,2024-02-09,444.51,Supermarket,UPI
TXN212991,2024-01-26,133.4,Clothing,Cash
TXN113586,2024-02-01,271.76,Restaurant,Net Banking
TXN613647,2024-02-11,199.25,Restaurant,Credit Card
TXN176111,2024-02-08,267.42,Clothing,Net Banking
TXN709925,2024-01-12,72.05,Supermarket,UPI
TXN573654,2024-01-21,467.38,Supermarket,Cash
TXN540989,2024-01-20,278.28,Electronics,Credit Card
TXN538395,2024-02-20,238.12,Clothing,UPI
TXN713604,2024-01-26,262.82,Electronics,Net Banking
TXN723691,2024-01-08,88.84,Supermarket,Net Banking
TXN669160,2024-02-09,90.64,Clothing,UPI
TXN543783,2024-01-03,389.89,Supermarket,Debit Card
TXN901124,2024-01-05,145.83,Online Store,Credit Card
TXN878320,2024-01-23,182.02,Electronics,UPI
TXN930433,2024-02-11,59.47,Supermarket,Cash
TXN704136,2024-01-20,119.42,Clothing,Debit Card
TXN224172,2024-01-05,40.48,Supermarket,Credit Card
TXN599261,2024-02-09,145.29,Electronics,Debit Card
TXN787821,2024-01-04,89.28,Electronics,Credit Card
TXN571440,2024-01-29,128.44,Restaurant,UPI
TXN134114,2024-01-09,307.32,Supermarket,UPI
TXN612821,2024-01-03,166.24,Clothing,Credit Card
TXN690007,2024-01-03,39.51,Electronics,Net Banking
TXN651721,2024-02-15,99.48,Clothing,Debit Card
TXN624095,2024-02-16,100.41,Supermarket,Net Banking
TXN246492,2024-01-27,16.75,Clothing,UPI
TXN378872,2024-01-10,96.26,Electronics,Net Banking
TXN702713,2024-02-06,51.89,Electronics,Net Banking
TXN191760,2024-02-04,42.79,Supermarket,Net Banking
TXN987302,2024-01-26,228.03,Electronics,UPI
TXN468154,2024-02-04,16.19,Online Store,Net Banking
TXN677703,2024-01-12,253.37,Supermarket,Debit Card
TXN626072,2024-02-17,46.32,Electronics,Cash
TXN875915,2024-02-07,413.1,Online Store,UPI
TXN664306,2024-02-08,337.56,Clothing,Cash
TXN683582,2024-01-25,276.4,Clothing,Cash
TXN463661,2024-01-26,399.42,Restaurant,Net Banking
TXN257651,2024-01-04,50.21,Electronics,Credit Card
TXN307635,2024-01-13,363.89,Supermarket,Credit Card
TXN874966,2024-02-18,488.11,Online Store,Debit Card
TXN251482,2024-02-06,210.04,Restaurant,Debit Card
TXN383065,2024-01-02,105.83,Restaurant,Cash
TXN438374,2024-02-12,252.84,Clothing,Debit Card
TXN573371,2024-02-13,230.37,Online Store,Cash
TXN431830,2024-02-14,54.22,Electronics,Net Banking
TXN848348,2024-02-03,314.5,Supermarket,Credit Card
TXN462177,2024-02-20,404.29,Restaurant,UPI
TXN249124,2024-02-09,177.02,Electronics,Net Banking
TXN770142,2024-02-01,226.69,Restaurant,Debit Card
TXN772929,2024-01-08,206.47,Electronics,Cash
TXN781203,2024-01-19,470.44,Restaurant,Debit Card
TXN463287,2024-01-06,445.11,Online Store,Credit Card
TXN956357,2024-01-16,125.26,Online Store,Debit Card
TXN392128,2024-01-08,101.97,Restaurant,Net Banking
TXN739009,2024-01-29,147.54,Supermarket,UPI
TXN274377,2024-02-01,90.42,Restaurant,Debit Card
TXN653889,2024-01-26,231.25,Restaurant,Credit Card
TXN353625,2024-02-17,325.63,Online Store,UPI
TXN527878,2024-01-28,340.24,Supermarket,Credit Card
TXN554990,2024-01-06,215.89,Online Store,Net Banking
TXN550302,2024-01-17,287.78,Electronics,Cash
TXN571455,2024-01-02,385.69,Clothing,Net Banking
TXN792624,2024-01-26,339.29,Online Store,Cash
TXN102270,2024-01-02,26.19,Restaurant,Debit Card
TXN283184,2024-01-14,361.89,Restaurant,Cash
TXN346599,2024-01-05,226.62,Clothing,Cash
TXN202565,2024-02-02,428.36,Supermarket,Credit Card
TXN699929,2024-01-22,377.5,Clothing,Net Banking
TXN970169,2024-01-05,359.21,Electronics,Net Banking
TXN367812,2024-02-02,448.64,Online Store,Net Banking
TXN826208,2024-02-09,84.99,Clothing,Debit Card
TXN563086,2024-01-21,447.72,Supermarket,Credit Card
TXN568278,2024-01-04,310.54,Electronics,Debit Card
TXN630668,2024-01-23,383.0,Electronics,Net Banking
TXN281117,2024-01-14,349.52,Online Store,Credit Card
TXN689261,2024-02-20,376.68,Electronics,Debit Card
TXN274775,2024-01-18,60.98,Online Store,Debit Card
TXN361514,2024-01-02,300.78,Online Store,Credit Card
TXN171759,2024-01-18,373.36,Electronics,Cash
TXN303210,2024-01-05,405.74,Online Store,UPI
TXN228402,2024-01-23,45.07,Supermarket,Credit Card
TXN103541,2024-01-16,440.37,Restaurant,Debit Card
TXN559136,2024-01-10,169.27,Clothing,UPI
TXN898886,2024-01-22,175.55,Restaurant,Debit Card
TXN543743,2024-01-22,258.03,Clothing,Net Banking
TXN565142,2024-01-19,93.55,Online Store,Cash
TXN314098,2024-02-17,389.5,Supermarket,UPI
TXN701132,2024-01-25,341.87,Restaurant,Debit Card
TXN643423,2024-01-21,334.25,Online Store,Cash
TXN233518,2024-01-05,370.98,Supermarket,Cash
TXN217382,2024-02-17,189.88,Clothing,Credit Card
TXN931924,2024-01-23,282.27,Supermarket,Net Banking
TXN410539,2024-01-15,18.82,Electronics,Net Banking
TXN784151,2024-01-16,408.69,Electronics,UPI
TXN681572,2024-01-16,443.49,Electronics,Credit Card
TXN901239,2024-01-05,302.02,Restaurant,Cash
TXN859621,2024-01-18,338.74,Restaurant,Debit Card
TXN645393,2024-02-02,331.05,Electronics,Cash
TXN885826,2024-01-07,105.84,Supermarket,UPI
TXN520596,2024-01-06,492.34,Online Store,Net Banking
TXN853036,2024-01-23,184.18,Electronics,Debit Card
TXN335575,2024-01-30,176.34,Electronics,UPI
TXN756978,2024-01-11,41.68,Clothing,Debit Card
TXN244900,2024-01-17,243.23,Online Store,Cash
TXN345696,2024-02-08,317.87,Restaurant,Net Banking
TXN887417,2024-01-30,107.97,Supermarket,UPI
TXN425414,2024-01-12,283.68,Electronics,Net Banking
TXN664791,2024-01-15,31.14,Supermarket,Net Banking
TXN664446,2024-02-18,294.44,Clothing,Cash
TXN889823,2024-01-06,334.62,Online Store,Credit Card
TXN391295,2024-01-01,317.31,Electronics,Cash
TXN429998,2024-02-09,349.77,Online Store,Net Banking
TXN819341,2024-01-25,69.75,Clothing,Net Banking
TXN804779,2024-01-03,223.51,Online Store,Net Banking
TXN625065,2024-01-06,322.7,Supermarket,Cash
TXN274600,2024-01-04,331.04,Online Store,Net Banking
TXN604861,2024-01-23,496.86,Restaurant,UPI
TXN287305,2024-01-08,439.95,Clothing,Cash
TXN648614,2024-01-19,6.92,Supermarket,UPI
TXN297401,2024-01-10,55.33,Supermarket,Cash
TXN654007,2024-02-09,468.71,Clothing,Net Banking
TXN942779,2024-01-08,85.67,Electronics,Cash
TXN943344,2024-02-05,338.73,Clothing,Credit Card
TXN554028,2024-01-03,143.09,Online Store,Net Banking
TXN823625,2024-01-21,205.92,Online Store,Net Banking
TXN253829,2024-01-11,57.05,Supermarket,UPI
TXN116622,2024-01-04,419.07,Online Store,Net Banking
TXN298029,2024-01-26,395.48,Electronics,Net Banking
TXN596261,2024-02-19,40.24,Electronics,Credit Card
TXN593639,2024-01-03,282.01,Electronics,Net Banking
TXN337760,2024-01-30,210.81,Restaurant,UPI
TXN969771,2024-02-03,437.48,Online Store,Credit Card
TXN213642,2024-01-02,374.33,Supermarket,Debit Card
TXN922121,2024-01-22,218.18,Supermarket,UPI
TXN738397,2024-01-31,424.94,Electronics,Debit Card
TXN683440,2024-02-01,71.8,Clothing,UPI
TXN334111,2024-02-17,334.69,Supermarket,Cash
TXN967510,2024-02-18,192.48,Online Store,Net Banking
TXN514794,2024-01-12,218.74,Supermarket,Net Banking
TXN345221,2024-02-18,452.17,Restaurant,Debit Card
TXN240791,2024-01-21,48.12,Electronics,Credit Card
TXN153820,2024-02-15,343.75,Online Store,UPI
TXN313158,2024-01-03,259.74,Online Store,Cash
TXN556354,2024-02-04,315.58,Clothing,Credit Card
TXN860702,2024-02-10,37.2,Supermarket,Debit Card
TXN895780,2024-01-31,400.95,Supermarket,Debit Card
TXN946402,2024-01-17,359.38,Electronics,Debit Card
TXN166184,2024-01-15,316.8,Clothing,Credit Card
TXN699167,2024-01-07,176.93,Electronics,Debit Card
TXN316932,2024-01-31,180.19,Online Store,Cash
TXN999402,2024-02-18,99.01,Restaurant,Cash
TXN936168,2024-01-21,158.29,Supermarket,Debit Card
TXN226828,2024-01-14,452.15,Clothing,Cash
TXN363552,2024-02-13,360.71,Clothing,Cash
TXN547596,2024-01-08,32.83,Online Store,Net Banking
TXN658979,2024-01-09,66.69,Online Store,Debit Card
TXN779599,2024-01-20,40.81,Online Store,Cash
TXN886007,2024-01-30,387.3,Electronics,Cash
TXN840513,2024-02-04,158.37,Clothing,UPI
TXN331452,2024-01-01,202.82,Online Store,Cash
TXN299540,2024-02-12,6.53,Electronics,Cash
TXN544374,2024-02-09,159.45,Supermarket,UPI
TXN631799,2024-01-20,189.31,Supermarket,Cash
TXN535488,2024-02-06,493.13,Online Store,Cash
TXN874980,2024-01-28,51.2,Online Store,Credit Card
TXN232562,2024-02-09,180.75,Restaurant,Net Banking
TXN779066,2024-01-05,341.49,Supermarket,Credit Card
TXN970058,2024-01-01,239.58,Supermarket,Credit Card
TXN808380,2024-01-16,297.4,Restaurant,Cash
TXN318398,2024-01-16,354.81,Restaurant,Net Banking
TXN498666,2024-02-09,225.33,Restaurant,Credit Card
TXN644692,2024-01-10,36.46,Electronics,Credit Card
TXN808929,2024-02-16,76.09,Clothing,Net Banking
TXN494909,2024-02-18,180.13,Restaurant,Cash
TXN579517,2024-01-29,377.18,Clothing,Credit Card
TXN583372,2024-01-02,129.83,Electronics,Cash
TXN763391,2024-02-17,271.23,Supermarket,UPI
TXN245008,2024-01-08,38.03,Restaurant,Credit Card
TXN651790,2024-01-30,383.34,Online Store,Credit Card
TXN570608,2024-01-20,118.26,Online Store,Cash
TXN739394,2024-01-10,155.48,Electronics,Net Banking
TXN162171,2024-02-19,197.47,Supermarket,Cash
TXN212810,2024-01-20,147.47,Restaurant,Cash
TXN896676,2024-02-16,100.74,Electronics,Credit Card
TXN445088,2024-01-07,121.62,Supermarket,Net Banking
TXN953643,2024-02-11,316.73,Supermarket,Cash
TXN331775,2024-01-21,218.99,Supermarket,Cash
TXN896562,2024-01-20,257.29,Clothing,Cash
TXN784842,2024-02-13,350.52,Online Store,Debit Card
TXN255725,2024-01-07,95.58,Supermarket,Debit Card
TXN141077,2024-01-09,280.88,Restaurant,UPI
TXN667500,2024-01-02,76.01,Electronics,Cash
TXN838878,2024-01-19,496.27,Electronics,Debit Card
TXN354486,2024-01-09,256.08,Online Store,Cash
TXN170518,2024-02-08,211.68,Clothing,Credit Card
TXN848298,2024-01-18,328.75,Supermarket,Net Banking
TXN193423,2024-02-06,199.18,Supermarket,Debit Card
TXN157648,2024-02-18,483.51,Clothing,Net Banking
TXN174134,2024-01-12,145.82,Electronics,UPI
TXN420150,2024-02-09,251.57,Electronics,Net Banking
TXN869600,2024-01-16,475.84,Restaurant,Cash
TXN616126,2024-01-10,448.48,Restaurant,UPI
TXN523240,2024-01-12,469.61,Online Store,Net Banking
TXN859936,2024-02-17,419.39,Online Store,Debit Card
TXN791515,2024-02-11,380.19,Supermarket,Cash
TXN430734,2024-01-17,271.0,Restaurant,Debit Card
TXN472338,2024-01-01,189.79,Restaurant,Credit Card
TXN898504,2024-01-05,495.41,Supermarket,Net Banking
TXN284886,2024-02-07,64.98,Supermarket,Debit Card
TXN101865,2024-01-08,425.04,Clothing,Credit Card
TXN254519,2024-01-05,437.66,Supermarket,Debit Card
TXN126943,2024-02-20,210.22,Online Store,UPI
TXN845720,2024-01-16,412.53,Electronics,Cash
TXN143385,2024-02-11,263.67,Electronics,Cash
TXN404402,2024-01-24,251.43,Restaurant,Credit Card
TXN305150,2024-02-06,436.94,Restaurant,Debit Card
TXN354589,2024-02-11,399.32,Clothing,Cash
TXN724215,2024-02-13,486.4,Restaurant,Cash
TXN167197,2024-01-29,35.89,Clothing,Credit Card
TXN210993,2024-01-16,205.92,Clothing,Net Banking
TXN667331,2024-02-08,252.29,Clothing,Credit Card
TXN605312,2024-01-29,200.83,Clothing,Cash
TXN484604,2024-01-08,418.22,Online Store,Debit Card
TXN875172,2024-01-24,190.15,Clothing,Debit Card
TXN453361,2024-02-15,132.33,Clothing,Cash
TXN516593,2024-02-02,149.85,Clothing,Debit Card
TXN350383,2024-02-02,322.93,Supermarket,Cash
TXN857924,2024-01-24,422.19,Online Store,Credit Card
TXN865813,2024-02-18,162.21,Online Store,Cash
TXN686296,2024-01-07,108.34,Online Store,Net Banking
TXN593636,2024-02-14,47.96,Restaurant,UPI
TXN439148,2024-02-13,263.3,Electronics,Credit Card
TXN451338,2024-02-18,340.42,Restaurant,Net Banking
TXN313789,2024-01-23,170.92,Clothing,Credit Card
TXN623725,2024-02-01,263.09,Restaurant,Cash
TXN494314,2024-01-17,314.52,Electronics,Credit Card
TXN752914,2024-01-28,118.66,Electronics,Net Banking
TXN153112,2024-01-16,228.51,Online Store,Debit Card
TXN520926,2024-01-23,316.16,Supermarket,Net Banking
TXN750333,2024-01-31,115.43,Clothing,UPI
TXN282333,2024-02-03,73.06,Electronics,Debit Card
TXN530251,2024-01-12,305.99,Restaurant,Cash
TXN729669,2024-01-29,40.71,Clothing,Cash
TXN851287,2024-01-14,167.02,Online Store,Net Banking
TXN355123,2024-01-01,409.71,Clothing,Credit Card
TXN138008,2024-02-04,424.89,Online Store,Cash
TXN470266,2024-02-19,374.77,Clothing,Cash
TXN352655,2024-01-17,463.04,Restaurant,Net Banking
TXN563015,2024-01-05,225.92,Restaurant,Net Banking
TXN455095,2024-01-17,96.45,Restaurant,Debit Card
TXN516374,2024-02-02,365.99,Restaurant,Credit Card
TXN792937,2024-02-02,196.83,Supermarket,Net Banking
TXN731192,2024-01-31,371.36,Clothing,Cash
TXN721133,2024-01-10,287.44,Restaurant,Credit Card
TXN462647,2024-02-15,40.72,Clothing,UPI
TXN419688,2024-02-07,454.19,Supermarket,UPI
TXN580722,2024-01-18,450.14,Supermarket,Cash
TXN222326,2024-01-06,472.53,Electronics,Net Banking
TXN475235,2024-01-27,245.32,Clothing,UPI
TXN771604,2024-01-25,303.64,Restaurant,Net Banking
TXN567241,2024-01-07,156.81,Supermarket,Credit Card
TXN108814,2024-01-08,98.58,Online Store,Net Banking
TXN690572,2024-01-28,490.01,Online Store,Net Banking
TXN740228,2024-02-02,332.86,Electronics,Cash
TXN717789,2024-01-08,276.6,Online Store,Credit Card
TXN242423,2024-01-28,303.85,Clothing,Debit Card
TXN779247,2024-01-19,391.98,Restaurant,Debit Card
TXN910458,2024-02-11,50.9,Electronics,UPI
TXN684304,2024-01-10,196.2,Electronics,UPI
TXN946988,2024-01-08,218.35,Online Store,Net Banking
TXN717999,2024-02-15,443.16,Online Store,UPI
TXN626907,2024-02-03,213.69,Restaurant,Cash
TXN674489,2024-01-14,48.25,Clothing,UPI
TXN971832,2024-02-20,223.37,Clothing,Debit Card
TXN670442,2024-01-30,254.19,Online Store,Cash
TXN732115,2024-01-29,98.8,Restaurant,Debit Card
TXN715672,2024-01-10,366.76,Clothing,Cash
TXN327603,2024-02-20,14.56,Electronics,Debit Card
TXN657063,2024-01-08,404.9,Clothing,UPI
TXN877525,2024-02-14,128.08,Supermarket,Debit Card
TXN870234,2024-02-07,417.95,Restaurant,Debit Card
TXN771480,2024-02-11,164.93,Restaurant,Cash
TXN942990,2024-01-08,31.7,Restaurant,Credit Card
TXN323247,2024-02-09,271.96,Clothing,Credit Card
TXN795387,2024-01-10,285.28,Online Store,Credit Card
TXN118689,2024-01-02,95.84,Electronics,Cash
TXN480496,2024-02-18,360.39,Supermarket,Debit Card
TXN401602,2024-02-01,158.34,Online Store,UPI
TXN465158,2024-01-23,10.0,Online Store,Cash
TXN520707,2024-01-28,107.87,Electronics,UPI
TXN905665,2024-02-09,306.07,Clothing,UPI
TXN689011,2024-01-11,64.58,Electronics,Cash
TXN858992,2024-01-09,389.08,Supermarket,Credit Card
TXN290011,2024-01-13,131.11,Electronics,Cash
TXN982958,2024-02-18,451.68,Electronics,Debit Card
TXN246075,2024-01-24,74.27,Online Store,Debit Card
TXN103198,2024-01-04,87.38,Supermarket,Debit Card
TXN811066,2024-02-06,290.43,Restaurant,Credit Card
TXN999156,2024-01-04,158.07,Electronics,Net Banking
TXN360118,2024-01-14,424.58,Restaurant,UPI
TXN253164,2024-01-30,432.08,Clothing,Credit Card
TXN197669,2024-01-06,229.43,Electronics,Debit Card
TXN340861,2024-02-04,42.91,Electronics,UPI
TXN698061,2024-01-21,17.79,Online Store,Credit Card
TXN861969,2024-01-07,5.78,Restaurant,Net Banking
TXN362205,2024-02-02,475.17,Clothing,Credit Card
TXN478928,2024-02-11,374.1,Online Store,UPI
TXN344635,2024-02-19,14.62,Restaurant,Credit Card
TXN800642,2024-01-24,185.51,Online Store,Debit Card
TXN282637,2024-01-10,209.3,Supermarket,Debit Card
TXN189121,2024-01-13,352.68,Supermarket,Credit Card
TXN133642,2024-01-22,461.23,Online Store,Debit Card
TXN209430,2024-02-06,306.91,Restaurant,Net Banking
TXN750850,2024-02-01,275.91,Supermarket,Cash
TXN252755,2024-02-08,30.23,Clothing,Cash
TXN659006,2024-01-17,64.21,Electronics,Cash
TXN838430,2024-01-12,326.8,Restaurant,Cash
TXN628414,2024-01-04,217.45,Clothing,Cash
TXN477315,2024-01-05,198.48,Clothing,Net Banking
TXN855475,2024-02-14,85.63,Restaurant,Credit Card
TXN737275,2024-02-16,80.53,Restaurant,Net Banking
TXN346379,2024-01-14,227.14,Clothing,Cash
TXN513627,2024-02-08,478.43,Online Store,Net Banking
TXN372809,2024-01-06,425.6,Restaurant,Net Banking
TXN711648,2024-02-01,287.32,Electronics,Net Banking
TXN951111,2024-02-01,156.15,Electronics,Credit Card
TXN586962,2024-01-03,307.84,Restaurant,Cash
TXN541502,2024-01-29,451.58,Supermarket,UPI
TXN867234,2024-02-06,232.78,Clothing,Debit Card
TXN461092,2024-02-20,162.71,Electronics,Net Banking
TXN849757,2024-02-14,370.26,Clothing,Net Banking
TXN950727,2024-01-17,437.57,Supermarket,Cash
TXN482451,2024-01-27,408.66,Electronics,UPI
TXN137193,2024-02-09,286.55,Supermarket,Cash
TXN616204,2024-01-08,109.76,Electronics,Debit Card
TXN195393,2024-01-14,376.34,Online Store,UPI
TXN333892,2024-02-14,21.81,Online Store,Cash
TXN855776,2024-02-04,425.78,Clothing,Cash
TXN711078,2024-01-12,215.34,Online Store,UPI
TXN499158,2024-02-20,182.73,Clothing,Net Banking
TXN524923,2024-02-09,484.95,Online Store,Credit Card
TXN381212,2024-02-08,421.6,Supermarket,Cash
TXN751984,2024-01-09,14.31,Restaurant,Credit Card
TXN118830,2024-01-02,328.85,Supermarket,UPI
TXN709236,2024-02-06,218.82,Online Store,Cash
TXN307675,2024-02-05,203.19,Supermarket,Debit Card
TXN127879,2024-01-15,490.72,Restaurant,UPI
TXN182890,2024-02-05,370.75,Restaurant,Credit Card
TXN432708,2024-02-07,470.6,Electronics,Debit Card
TXN739406,2024-02-03,240.22,Clothing,UPI
TXN232331,2024-01-21,495.08,Clothing,Debit Card
TXN581011,2024-01-19,424.42,Clothing,Net Banking
TXN962326,2024-01-13,487.76,Online Store,Credit Card
TXN883872,2024-01-28,271.81,Clothing,Cash
TXN283654,2024-02-01,43.01,Supermarket,Credit Card
TXN451620,2024-01-23,123.09,Electronics,Net Banking
TXN667842,2024-01-20,260.14,Electronics,Credit Card
TXN893584,2024-01-19,52.35,Clothing,UPI
TXN228548,2024-02-16,411.62,Clothing,Net Banking
TXN272344,2024-02-02,482.76,Supermarket,Debit Card
TXN651994,2024-01-23,426.94,Supermarket,Debit Card
TXN185285,2024-02-18,158.53,Supermarket,Cash
TXN840025,2024-02-04,496.96,Online Store,Debit Card
TXN562346,2024-02-04,55.49,Online Store,Cash
TXN175510,2024-02-03,297.85,Clothing,UPI
TXN937443,2024-02-11,215.82,Restaurant,Credit Card
TXN505063,2024-01-23,116.52,Supermarket,Net Banking
TXN977314,2024-02-10,113.14,Restaurant,Net Banking
TXN196707,2024-01-25,133.82,Electronics,Cash
TXN859346,2024-01-24,377.48,Supermarket,Net Banking
TXN172731,2024-02-11,364.67,Restaurant,Credit Card
TXN646855,2024-02-20,117.35,Restaurant,Net Banking
TXN712377,2024-01-10,324.88,Online Store,Net Banking
TXN750741,2024-01-01,124.78,Restaurant,Cash
TXN949088,2024-02-13,174.29,Electronics,Cash
TXN404101,2024-01-27,14.84,Clothing,Cash
TXN794641,2024-01-05,390.82,Restaurant,Debit Card
TXN781264,2024-01-18,304.03,Restaurant,Credit Card
TXN966223,2024-01-21,427.98,Electronics,Net Banking
TXN641279,2024-02-07,52.86,Electronics,Cash
TXN298507,2024-01-28,404.5,Clothing,Net Banking
TXN685715,2024-01-19,157.29,Online Store,UPI
TXN565849,2024-02-12,96.59,Electronics,Cash
TXN301840,2024-01-16,111.23,Supermarket,Debit Card
TXN469122,2024-01-01,473.93,Online Store,Credit Card
TXN950100,2024-02-11,139.54,Electronics,Credit Card
TXN302579,2024-01-18,241.26,Supermarket,Debit Card
TXN655467,2024-01-22,382.48,Online Store,Debit Card
TXN152392,2024-01-20,213.82,Electronics,Cash
TXN446125,2024-02-19,237.05,Supermarket,Cash
TXN713965,2024-01-26,23.83,Clothing,Debit Card
TXN361374,2024-01-04,245.45,Online Store,Cash
TXN158450,2024-01-27,372.59,Clothing,UPI
TXN604644,2024-01-25,439.95,Restaurant,Cash
TXN326819,2024-01-20,462.06,Clothing,Credit Card
TXN767893,2024-01-05,374.55,Online Store,Credit Card
TXN750527,2024-01-27,387.4,Clothing,Net Banking
TXN653988,2024-01-15,297.17,Restaurant,Credit Card
TXN332818,2024-01-01,462.14,Supermarket,UPI
TXN133355,2024-01-16,419.27,Supermarket,UPI
TXN481732,2024-02-18,320.18,Clothing,Credit Card
TXN983133,2024-01-03,198.63,Restaurant,Cash
TXN168313,2024-01-02,425.73,Electronics,Cash
TXN603634,2024-02-10,432.93,Online Store,Net Banking
TXN306339,2024-01-16,220.67,Electronics,Net Banking
TXN769963,2024-02-19,88.08,Supermarket,Credit Card
TXN320411,2024-01-24,368.99,Clothing,Debit Card
TXN688810,2024-02-19,108.24,Clothing,Cash
TXN247434,2024-01-28,414.68,Electronics,Credit Card
TXN276016,2024-02-07,352.56,Online Store,Net Banking
TXN599388,2024-01-24,463.67,Electronics,Credit Card
TXN999989,2024-01-31,340.53,Supermarket,UPI
TXN337652,2024-02-17,318.04,Restaurant,UPI
TXN415770,2024-01-04,443.53,Clothing,Cash
TXN370212,2024-02-16,441.71,Online Store,Cash
TXN661502,2024-01-10,462.92,Electronics,Cash
TXN199426,2024-01-04,477.64,Supermarket,Net Banking
TXN961612,2024-01-21,219.87,Restaurant,Cash
TXN984673,2024-01-01,410.88,Online Store,Credit Card
TXN697474,2024-02-12,171.43,Restaurant,Cash
TXN701267,2024-01-09,294.87,Online Store,UPI
TXN151029,2024-01-05,37.51,Supermarket,Debit Card
TXN449078,2024-01-18,152.9,Supermarket,Debit Card
TXN135066,2024-01-30,366.26,Clothing,Net Banking
TXN979444,2024-01-26,81.49,Supermarket,UPI
TXN400065,2024-02-13,209.5,Online Store,Cash
TXN431485,2024-01-12,182.07,Supermarket,Net Banking
TXN863979,2024-01-13,486.27,Supermarket,Credit Card
TXN439634,2024-02-15,232.71,Online Store,Credit Card
TXN902959,2024-02-16,421.28,Clothing,Credit Card
TXN867713,2024-02-04,467.13,Electronics,Credit Card
TXN966497,2024-01-21,199.21,Electronics,Cash
TXN869895,2024-01-14,61.84,Clothing,Credit Card
TXN739378,2024-02-14,329.2,Restaurant,Net Banking
TXN924695,2024-02-19,152.26,Supermarket,Debit Card
TXN879753,2024-01-01,461.99,Electronics,Credit Card
TXN191993,2024-02-09,199.64,Clothing,UPI
TXN474895,2024-01-26,467.04,Supermarket,Net Banking
TXN503532,2024-02-17,40.28,Restaurant,UPI
TXN405921,2024-01-05,24.87,Supermarket,Credit Card
TXN877068,2024-02-19,343.82,Electronics,Debit Card
TXN350767,2024-01-15,327.15,Online Store,Net Banking
TXN659525,2024-01-06,415.7,Supermarket,UPI
TXN788528,2024-01-17,417.93,Clothing,Credit Card
TXN138426,2024-02-02,485.95,Supermarket,UPI
TXN324453,2024-02-09,287.02,Clothing,Debit Card
TXN537881,2024-02-10,237.71,Clothing,Debit Card
TXN325381,2024-02-08,473.18,Online Store,Credit Card
TXN509258,2024-02-12,32.09,Electronics,UPI
TXN385575,2024-02-12,126.26,Online Store,UPI
TXN272154,2024-02-04,487.69,Clothing,Debit Card
TXN663975,2024-01-30,16.33,Supermarket,Credit Card
TXN758758,2024-01-13,264.42,Restaurant,Debit Card
TXN243396,2024-02-09,246.46,Supermarket,UPI
TXN798075,2024-01-19,400.82,Clothing,Debit Card
TXN993204,2024-02-03,370.37,Online Store,Debit Card
TXN140564,2024-01-23,478.85,Online Store,Credit Card
TXN762494,2024-02-18,315.83,Restaurant,UPI
TXN601007,2024-02-02,340.28,Supermarket,Cash
TXN315652,2024-01-11,221.08,Online Store,Credit Card
TXN449548,2024-02-09,362.77,Restaurant,Net Banking
TXN106986,2024-02-14,31.88,Restaurant,UPI
TXN255447,2024-01-04,34.61,Restaurant,Cash
TXN530081,2024-01-29,298.24,Restaurant,UPI
TXN615124,2024-02-03,294.72,Electronics,Credit Card
TXN470945,2024-01-28,130.84,Clothing,UPI
TXN477685,2024-02-13,405.6,Clothing,Cash
TXN590078,2024-02-10,226.78,Clothing,UPI
TXN452130,2024-01-27,387.45,Electronics,Credit Card
TXN940018,2024-01-14,138.83,Supermarket,UPI
TXN609863,2024-02-19,97.63,Online Store,Credit Card
TXN874697,2024-02-09,468.62,Restaurant,Debit Card
TXN374084,2024-01-23,261.93,Supermarket,Net Banking
TXN592945,2024-02-01,457.93,Electronics,Cash
TXN601592,2024-01-18,223.6,Supermarket,Net Banking
TXN883803,2024-01-15,162.75,Online Store,Credit Card
TXN440941,2024-01-02,497.12,Electronics,Cash
TXN149278,2024-01-06,90.75,Clothing,Cash
TXN207903,2024-01-08,61.32,Online Store,UPI
TXN643642,2024-01-20,300.81,Clothing,Net Banking
TXN361895,2024-02-20,173.89,Clothing,Net Banking
TXN890913,2024-01-22,265.32,Electronics,Credit Card
TXN893638,2024-01-21,493.25,Electronics,Net Banking
TXN607852,2024-01-04,176.27,Supermarket,Credit Card
TXN729536,2024-02-02,225.06,Electronics,Net Banking
TXN869708,2024-02-18,495.46,Supermarket,UPI
TXN870933,2024-02-17,31.15,Electronics,Credit Card
TXN428752,2024-01-25,153.84,Supermarket,Cash
TXN882244,2024-01-20,39.5,Supermarket,UPI
TXN814322,2024-02-06,80.78,Online Store,Credit Card
TXN428664,2024-01-15,301.84,Electronics,Net Banking
TXN795777,2024-01-26,215.32,Supermarket,UPI
TXN622938,2024-02-13,239.09,Electronics,Debit Card
TXN121668,2024-02-19,117.91,Restaurant,UPI
TXN147178,2024-01-15,395.01,Clothing,Net Banking
TXN693449,2024-01-16,23.87,Electronics,Cash
TXN178019,2024-02-03,485.82,Clothing,Credit Card
TXN240177,2024-01-01,362.16,Clothing,Debit Card
TXN559986,2024-01-14,326.53,Supermarket,Cash
TXN273695,2024-01-25,218.23,Supermarket,Credit Card
TXN631120,2024-02-15,15.2,Supermarket,Debit Card
TXN635903,2024-01-06,491.31,Supermarket,UPI
TXN825643,2024-01-10,107.78,Electronics,UPI
TXN376767,2024-01-02,313.19,Clothing,Cash
TXN217133,2024-02-12,177.14,Online Store,Net Banking
TXN886675,2024-01-31,260.31,Supermarket,Debit Card
TXN738269,2024-01-05,222.01,Electronics,Credit Card
TXN696090,2024-02-16,357.19,Online Store,UPI
TXN247775,2024-02-05,91.11,Supermarket,Cash
TXN349526,2024-01-23,175.67,Electronics,Credit Card
TXN374563,2024-01-04,359.37,Clothing,Debit Card
TXN702912,2024-02-15,153.51,Supermarket,Net Banking
TXN479931,2024-01-04,60.0,Online Store,Net Banking
TXN519215,2024-02-11,264.65,Restaurant,Credit Card
TXN798685,2024-01-23,145.91,Clothing,Net Banking
TXN969509,2024-02-05,355.54,Online Store,Net Banking
TXN797876,2024-01-23,490.61,Supermarket,UPI
TXN733390,2024-01-27,443.04,Online Store,Net Banking
TXN233499,2024-02-02,414.65,Electronics,Net Banking
TXN331399,2024-02-03,385.0,Supermarket,Net Banking
TXN787323,2024-01-30,488.28,Online Store,Net Banking
TXN635024,2024-02-05,42.3,Electronics,Debit Card
TXN937791,2024-01-18,290.68,Supermarket,Debit Card
TXN396762,2024-01-11,349.26,Restaurant,Cash
TXN811405,2024-02-10,245.0,Online Store,UPI
TXN272115,2024-01-11,66.63,Online Store,UPI
TXN442304,2024-01-22,244.49,Electronics,Credit Card
TXN170285,2024-02-17,310.47,Electronics,UPI
TXN637051,2024-01-24,480.74,Clothing,Credit Card
TXN615736,2024-01-14,133.65,Supermarket,UPI
TXN658897,2024-01-26,432.1,Clothing,Debit Card
TXN623139,2024-01-14,346.22,Restaurant,UPI
TXN773369,2024-01-29,33.08,Clothing,Credit Card
TXN145819,2024-01-03,439.41,Online Store,Net Banking
TXN284162,2024-01-16,329.75,Online Store,Cash
TXN992604,2024-01-13,440.33,Electronics,Credit Card
TXN759932,2024-01-02,334.41,Supermarket,Credit Card
TXN624433,2024-02-05,155.11,Clothing,UPI
TXN450206,2024-01-15,321.28,Supermarket,Debit Card
TXN340426,2024-01-04,239.15,Supermarket,Credit Card
TXN944836,2024-01-26,147.6,Supermarket,Net Banking
TXN691627,2024-02-14,480.63,Supermarket,Cash
TXN951595,2024-01-08,294.14,Clothing,UPI
TXN755824,2024-01-30,292.67,Restaurant,Net Banking
TXN213836,2024-01-02,266.2,Electronics,Net Banking
TXN398169,2024-02-07,238.17,Electronics,Cash
TXN885911,2024-01-08,61.42,Supermarket,Credit Card
TXN961025,2024-02-10,258.84,Electronics,UPI
TXN567044,2024-02-17,22.92,Supermarket,Cash
TXN140942,2024-02-04,155.67,Supermarket,UPI
TXN456912,2024-01-08,364.19,Clothing,Cash
TXN378996,2024-02-05,60.49,Online Store,Debit Card
TXN474028,2024-01-15,244.09,Supermarket,Credit Card
TXN836096,2024-02-06,377.36,Clothing,Net Banking
TXN950469,2024-02-15,208.06,Supermarket,Credit Card
TXN193261,2024-01-27,203.42,Online Store,Cash
TXN945521,2024-01-29,442.55,Supermarket,Cash
TXN207957,2024-01-07,135.75,Supermarket,Credit Card
TXN223407,2024-01-27,35.81,Clothing,Net Banking
TXN712909,2024-01-06,434.05,Supermarket,Cash
TXN997680,2024-02-18,287.48,Electronics,Cash
TXN374389,2024-01-08,342.84,Restaurant,Net Banking
TXN431934,2024-02-04,246.34,Supermarket,UPI
TXN326607,2024-01-13,340.6,Electronics,Cash
TXN335294,2024-01-30,147.43,Online Store,Net Banking
TXN444687,2024-02-05,382.74,Restaurant,UPI
TXN778391,2024-01-10,481.18,Online Store,Debit Card
TXN532400,2024-01-25,228.12,Supermarket,Net Banking
TXN664028,2024-02-16,230.88,Electronics,Cash
TXN694416,2024-01-30,15.59,Online Store,Cash
TXN978985,2024-01-23,496.66,Restaurant,Debit Card
TXN139366,2024-01-10,35.72,Electronics,Cash
TXN897299,2024-01-26,288.18,Clothing,Cash
TXN678190,2024-01-11,482.41,Restaurant,Debit Card
TXN238648,2024-01-01,420.3,Online Store,Cash
TXN310601,2024-02-13,287.77,Online Store,UPI
TXN200646,2024-02-17,315.21,Online Store,Debit Card
TXN396892,2024-01-23,434.28,Clothing,Net Banking
TXN822099,2024-02-14,113.0,Clothing,UPI
TXN383454,2024-01-22,252.41,Restaurant,Cash
TXN105551,2024-01-13,100.31,Electronics,Credit Card
TXN749729,2024-01-20,64.43,Supermarket,UPI
TXN829327,2024-01-27,180.15,Online Store,UPI
TXN688376,2024-01-22,484.39,Restaurant,UPI
TXN644619,2024-02-12,462.41,Supermarket,Credit Card
TXN524804,2024-01-04,421.87,Online Store,Cash
TXN262761,2024-01-09,391.87,Supermarket,Debit Card
TXN428163,2024-02-06,69.28,Restaurant,UPI
TXN731271,2024-01-22,373.8,Online Store,Cash
TXN502677,2024-02-12,198.13,Restaurant,Credit Card
TXN981897,2024-01-14,250.81,Supermarket,Debit Card
TXN101586,2024-01-12,97.54,Electronics,Credit Card
TXN865284,2024-01-29,123.64,Online Store,Cash
TXN440873,2024-01-13,16.96,Supermarket,Debit Card
TXN117940,2024-02-09,411.75,Restaurant,Debit Card
TXN133558,2024-01-02,150.15,Supermarket,Debit Card
TXN792689,2024-02-05,415.87,Restaurant,Cash
TXN525013,2024-01-16,192.82,Clothing,Credit Card
TXN391356,2024-01-02,255.94,Supermarket,UPI
TXN540546,2024-01-28,463.16,Clothing,UPI
TXN162654,2024-01-20,116.51,Electronics,Net Banking
TXN635507,2024-02-17,180.7,Restaurant,Credit Card
TXN234373,2024-02-01,381.49,Restaurant,Cash
TXN450343,2024-01-12,47.52,Online Store,Credit Card
TXN286594,2024-01-26,259.76,Clothing,UPI
TXN587080,2024-01-09,453.82,Restaurant,Debit Card
TXN897658,2024-01-30,305.15,Online Store,Cash
TXN338016,2024-02-20,204.72,Restaurant,UPI
TXN512347,2024-01-23,90.93,Electronics,Cash
TXN148848,2024-02-09,284.56,Supermarket,Net Banking
TXN506765,2024-01-26,131.6,Clothing,UPI
TXN120203,2024-01-08,421.52,Electronics,Cash
TXN401818,2024-01-15,156.76,Clothing,UPI
TXN734174,2024-02-05,408.27,Online Store,Debit Card
TXN470775,2024-02-06,157.62,Electronics,Net Banking
TXN149548,2024-01-31,460.99,Restaurant,Cash
TXN704088,2024-01-24,255.65,Clothing,Net Banking
TXN706135,2024-01-15,166.79,Online Store,Net Banking
TXN129024,2024-01-03,142.82,Electronics,UPI
TXN114936,2024-01-29,412.98,Restaurant,Cash
TXN533972,2024-01-21,94.61,Clothing,Net Banking
TXN150455,2024-01-10,397.8,Clothing,Credit Card
TXN747876,2024-01-15,373.0,Electronics,Net Banking
TXN786872,2024-01-30,277.99,Online Store,Net Banking
TXN348835,2024-01-23,463.41,Clothing,Net Banking
TXN319616,2024-01-27,470.38,Electronics,Cash
TXN702807,2024-01-23,334.01,Electronics,UPI
TXN671444,2024-01-12,97.5,Supermarket,UPI
TXN614254,2024-02-10,204.19,Restaurant,Debit Card
TXN635642,2024-02-16,358.69,Supermarket,Debit Card
TXN130193,2024-01-02,212.83,Restaurant,UPI
TXN159833,2024-02-09,98.46,Restaurant,Debit Card
TXN917695,2024-01-31,417.53,Restaurant,Debit Card
TXN372831,2024-02-18,459.52,Clothing,UPI
TXN273946,2024-01-29,477.93,Restaurant,UPI
TXN161564,2024-01-29,24.35,Supermarket,UPI
TXN572335,2024-02-04,447.03,Restaurant,Debit Card
TXN823577,2024-01-17,29.01,Online Store,Credit Card
TXN198958,2024-01-08,367.53,Supermarket,Credit Card
TXN923241,2024-01-13,395.9,Restaurant,Cash
TXN370023,2024-01-15,455.26,Electronics,Debit Card
TXN305801,2024-02-15,393.28,Restaurant,Credit Card
TXN602606,2024-02-15,130.47,Online Store,Cash
TXN687725,2024-01-30,26.1,Restaurant,Cash
TXN123275,2024-01-14,265.16,Online Store,UPI
TXN766251,2024-02-05,328.54,Online Store,Net Banking
TXN119258,2024-01-07,96.3,Restaurant,Debit Card
TXN337979,2024-01-17,443.9,Restaurant,Cash
TXN536211,2024-01-30,147.76,Supermarket,Debit Card
TXN621653,2024-01-07,108.52,Restaurant,Debit Card
TXN750975,2024-01-23,318.57,Restaurant,UPI
TXN501721,2024-02-09,333.9,Electronics,Credit Card
TXN887772,2024-02-20,257.28,Electronics,Net Banking
TXN376999,2024-01-31,266.03,Online Store,Cash
TXN508279,2024-01-30,487.76,Electronics,Debit Card
TXN112005,2024-01-15,299.37,Online Store,Net Banking
TXN349262,2024-02-15,191.0,Restaurant,Cash
TXN654771,2024-01-23,294.69,Electronics,UPI
TXN564629,2024-02-14,262.7,Restaurant,Credit Card
TXN652673,2024-01-17,412.01,Clothing,Cash
TXN292753,2024-01-09,461.85,Online Store,Debit Card
TXN911165,2024-01-17,74.74,Online Store,Net Banking
TXN515153,2024-02-17,468.54,Online Store,Cash
TXN934687,2024-01-27,407.77,Restaurant,Net Banking
TXN370983,2024-02-18,450.94,Electronics,Net Banking
TXN792018,2024-01-20,99.13,Electronics,Cash
TXN490562,2024-02-14,59.79,Online Store,Net Banking
TXN468491,2024-01-22,404.5,Electronics,Net Banking
TXN777605,2024-01-30,77.03,Clothing,UPI
TXN860963,2024-01-06,85.88,Electronics,Net Banking
TXN254184,2024-01-22,265.02,Electronics,UPI
TXN697051,2024-01-27,445.14,Supermarket,Credit Card
TXN198730,2024-02-16,118.76,Electronics,Debit Card
TXN205407,2024-01-02,458.62,Supermarket,UPI
TXN307373,2024-01-27,387.65,Online Store,Cash
TXN458515,2024-02-17,44.37,Restaurant,Cash
TXN862438,2024-02-02,86.34,Restaurant,Cash
TXN146858,2024-01-12,63.27,Online Store,Net Banking
TXN884002,2024-01-25,125.14,Restaurant,Net Banking
TXN953562,2024-01-28,445.1,Clothing,Debit Card
TXN555377,2024-01-16,58.11,Clothing,Cash
TXN517801,2024-01-15,81.72,Supermarket,Credit Card
TXN402994,2024-02-20,378.99,Restaurant,Debit Card
TXN257316,2024-02-15,336.79,Clothing,Cash
TXN134004,2024-01-11,234.98,Supermarket,UPI
TXN582043,2024-01-13,299.94,Electronics,Credit Card
TXN561532,2024-01-23,447.8,Clothing,Cash
TXN857308,2024-01-07,376.25,Clothing,Net Banking
TXN291433,2024-02-06,360.14,Clothing,Net Banking
TXN418891,2024-01-11,498.46,Restaurant,UPI
TXN454967,2024-01-06,297.15,Restaurant,Net Banking
TXN910059,2024-01-01,355.25,Electronics,UPI
TXN682606,2024-01-11,406.53,Supermarket,UPI
TXN328691,2024-02-01,255.3,Restaurant,Debit Card
TXN472158,2024-02-10,400.99,Supermarket,UPI
TXN862852,2024-02-19,268.02,Clothing,Credit Card
TXN388340,2024-02-17,199.7,Online Store,Net Banking
TXN354766,2024-01-23,449.3,Electronics,Cash
TXN385159,2024-01-04,469.43,Restaurant,Debit Card
TXN646744,2024-01-11,410.81,Restaurant,Net Banking
TXN246791,2024-01-13,479.34,Electronics,Credit Card
TXN241445,2024-01-24,306.34,Electronics,Debit Card
TXN980723,2024-01-29,480.72,Supermarket,UPI
TXN220863,2024-01-12,438.08,Online Store,Debit Card
TXN149918,2024-01-06,489.86,Online Store,Net Banking
TXN151249,2024-02-15,396.61,Restaurant,Net Banking
TXN947864,2024-01-02,412.1,Online Store,Net Banking
TXN738908,2024-01-09,226.14,Electronics,Cash
TXN236352,2024-02-06,180.51,Clothing,UPI
TXN972959,2024-01-16,454.28,Restaurant,UPI
TXN994435,2024-01-22,48.44,Online Store,Cash
TXN733866,2024-01-09,344.08,Restaurant,Debit Card
TXN922729,2024-02-12,50.48,Supermarket,Debit Card
TXN327659,2024-01-06,293.67,Restaurant,Credit Card
TXN436713,2024-01-31,240.69,Clothing,Net Banking
TXN106484,2024-01-18,383.69,Clothing,Net Banking
TXN630153,2024-01-24,384.29,Supermarket,Cash
TXN713819,2024-01-13,70.02,Electronics,UPI
TXN672180,2024-01-10,130.51,Clothing,Cash
TXN235941,2024-01-06,187.82,Restaurant,Cash
TXN938370,2024-01-15,72.87,Electronics,UPI
TXN714786,2024-02-12,263.21,Clothing,Net Banking
TXN827870,2024-01-10,456.24,Supermarket,UPI
TXN712606,2024-02-09,395.93,Clothing,Cash
TXN831661,2024-01-14,216.89,Restaurant,Net Banking
TXN494356,2024-02-03,158.55,Restaurant,Net Banking
TXN155314,2024-02-12,208.48,Clothing,UPI
TXN654024,2024-02-14,299.84,Electronics,UPI
TXN600050,2024-01-02,483.65,Online Store,Debit Card
TXN463948,2024-02-08,494.92,Electronics,Debit Card
TXN369453,2024-02-12,446.57,Electronics,Cash
TXN304968,2024-01-08,345.27,Clothing,Credit Card
TXN627749,2024-01-04,52.15,Online Store,Cash
TXN909834,2024-01-20,138.37,Clothing,Debit Card
TXN810045,2024-02-12,372.24,Clothing,UPI
TXN481682,2024-02-08,306.3,Supermarket,Debit Card
TXN487347,2024-01-31,383.97,Electronics,UPI
TXN770504,2024-01-17,187.0,Restaurant,UPI
TXN192752,2024-01-12,248.82,Electronics,Debit Card
TXN988010,2024-01-04,137.99,Supermarket,Credit Card
TXN539234,2024-01-28,445.88,Online Store,Credit Card
TXN184515,2024-01-24,472.74,Online Store,UPI
TXN741121,2024-01-15,483.59,Electronics,Net Banking
TXN668771,2024-02-17,479.83,Electronics,Credit Card
TXN252639,2024-01-16,179.39,Electronics,UPI
TXN898817,2024-01-01,161.49,Restaurant,Credit Card
TXN253809,2024-01-26,146.63,Clothing,Credit Card
TXN549934,2024-02-09,366.62,Supermarket,UPI
TXN641448,2024-02-06,453.61,Restaurant,UPI
TXN391252,2024-01-29,65.02,Supermarket,Cash
TXN722863,2024-02-15,238.38,Clothing,UPI
TXN926481,2024-02-01,468.06,Online Store,Net Banking
TXN801367,2024-02-15,452.86,Electronics,Debit Card
TXN720317,2024-01-02,194.56,Supermarket,UPI
TXN743331,2024-01-18,331.59,Restaurant,Credit Card
TXN352014,2024-01-14,27.03,Electronics,Cash
TXN650906,2024-01-23,18.19,Clothing,UPI
TXN975474,2024-02-13,299.9,Online Store,Debit Card
TXN107909,2024-02-11,83.16,Online Store,Cash
TXN187398,2024-01-29,342.44,Supermarket,Debit Card
TXN675954,2024-01-09,157.13,Clothing,Credit Card
TXN294495,2024-01-17,8.8,Electronics,UPI
TXN208382,2024-01-12,181.88,Supermarket,Debit Card
TXN513681,2024-01-30,340.4,Online Store,Debit Card
TXN949210,2024-02-13,291.44,Electronics,Net Banking
TXN844175,2024-01-13,309.34,Electronics,Net Banking
TXN988150,2024-02-19,392.03,Electronics,Net Banking
TXN544345,2024-01-11,39.23,Restaurant,Debit Card
TXN943962,2024-02-03,477.35,Online Store,Debit Card
TXN109937,2024-01-18,415.76,Supermarket,Cash
TXN412217,2024-01-09,143.15,Restaurant,Credit Card
TXN245679,2024-01-22,32.22,Clothing,Net Banking
TXN183286,2024-01-12,122.01,Restaurant,Net Banking
TXN807870,2024-02-09,22.55,Clothing,Debit Card
TXN193105,2024-01-04,191.06,Restaurant,Cash
TXN694710,2024-01-19,136.87,Clothing,Net Banking
TXN458521,2024-01-21,114.22,Restaurant,Credit Card
TXN190832,2024-01-24,469.77,Online Store,Net Banking
TXN407941,2024-01-25,84.46,Online Store,Credit Card
TXN965245,2024-01-07,124.68,Supermarket,UPI
TXN599860,2024-02-20,331.18,Restaurant,Credit Card
TXN542935,2024-02-03,410.21,Restaurant,Net Banking
TXN642705,2024-01-29,341.82,Clothing,Net Banking
TXN604139,2024-01-16,109.16,Supermarket,Cash
TXN964764,2024-01-10,395.35,Clothing,Credit Card
TXN603524,2024-01-24,45.23,Electronics,UPI
TXN333003,2024-01-06,373.19,Clothing,Debit Card
TXN851443,2024-02-20,231.32,Electronics,Debit Card
TXN754272,2024-02-14,150.26,Online Store,Net Banking
TXN705190,2024-02-15,453.88,Clothing,Debit Card
TXN247427,2024-02-11,375.32,Clothing,UPI
TXN312122,2024-02-13,73.33,Electronics,Debit Card
TXN201081,2024-01-20,89.89,Supermarket,Cash
TXN816174,2024-01-17,339.67,Electronics,Net Banking
TXN148436,2024-01-08,397.84,Supermarket,Cash
TXN761927,2024-01-12,478.54,Electronics,Net Banking
TXN782084,2024-01-21,411.32,Restaurant,Credit Card
TXN981730,2024-01-24,466.58,Online Store,Cash
TXN327331,2024-02-13,108.29,Restaurant,Credit Card
TXN277746,2024-01-17,368.42,Online Store,Net Banking
TXN101034,2024-01-16,361.72,Online Store,Debit Card
TXN265086,2024-01-05,126.12,Restaurant,Credit Card
TXN116355,2024-01-16,136.9,Restaurant,Debit Card
TXN926229,2024-01-29,212.36,Online Store,Debit Card
TXN712852,2024-02-20,422.19,Clothing,Credit Card
TXN238780,2024-02-13,196.48,Supermarket,Cash
TXN647465,2024-02-03,58.77,Online Store,Credit Card
TXN409873,2024-01-17,409.65,Restaurant,Credit Card
TXN463010,2024-02-20,165.17,Clothing,Net Banking
TXN394169,2024-01-05,273.88,Restaurant,UPI
TXN756868,2024-01-18,135.21,Supermarket,UPI
TXN295529,2024-01-30,418.56,Clothing,Cash
TXN666749,2024-02-05,405.97,Electronics,Credit Card
TXN281269,2024-01-06,40.64,Supermarket,UPI
TXN400736,2024-01-01,74.32,Online Store,Cash
TXN969106,2024-02-16,276.17,Clothing,UPI
TXN575015,2024-02-04,284.22,Restaurant,Credit Card
TXN991898,2024-01-30,158.06,Electronics,Cash
TXN985106,2024-01-17,135.06,Supermarket,Credit Card
TXN921106,2024-02-19,209.43,Supermarket,Cash
TXN719668,2024-01-07,98.83,Electronics,Net Banking
TXN248983,2024-01-13,108.01,Clothing,Credit Card
TXN496781,2024-02-15,469.55,Online Store,Credit Card
TXN405452,2024-02-12,99.5,Supermarket,Credit Card
TXN507610,2024-02-20,325.63,Supermarket,Net Banking
TXN242797,2024-01-15,102.38,Clothing,Credit Card
TXN655049,2024-01-05,497.62,Electronics,Credit Card
TXN317275,2024-01-18,246.48,Clothing,Credit Card
TXN696022,2024-01-21,17.41,Clothing,UPI
TXN546305,2024-02-20,409.72,Restaurant,Credit Card
TXN875059,2024-01-21,303.15,Electronics,UPI
TXN450647,2024-01-16,375.51,Clothing,Net Banking
TXN172694,2024-01-27,174.94,Online Store,UPI
TXN471537,2024-01-31,211.76,Supermarket,Credit Card
TXN134567,2024-01-17,122.2,Clothing,UPI
TXN875893,2024-02-10,338.56,Electronics,Credit Card
TXN818394,2024-01-26,37.43,Clothing,Net Banking
TXN543745,2024-02-03,319.1,Electronics,UPI
TXN466939,2024-01-27,329.19,Restaurant,Net Banking
TXN507845,2024-01-27,195.84,Electronics,Net Banking
TXN847063,2024-02-07,68.11,Restaurant,Debit Card
TXN966790,2024-01-31,31.49,Supermarket,Debit Card
TXN451243,2024-02-12,182.61,Clothing,UPI
TXN634552,2024-01-13,351.14,Supermarket,Cash
TXN263163,2024-02-11,213.05,Restaurant,Cash
TXN222143,2024-01-28,332.52,Online Store,Debit Card
TXN101789,2024-02-12,45.09,Electronics,Debit Card
TXN275166,2024-01-20,46.41,Supermarket,Net Banking
TXN559679,2024-01-23,441.43,Online Store,Credit Card
TXN423684,2024-02-07,142.98,Clothing,Cash
TXN708554,2024-02-09,486.31,Supermarket,Net Banking
TXN451619,2024-02-20,454.84,Electronics,Credit Card
TXN238808,2024-02-16,110.24,Online Store,Debit Card
TXN992292,2024-02-16,259.57,Restaurant,Net Banking
TXN299763,2024-02-05,303.83,Electronics,Cash
TXN315727,2024-01-04,14.98,Clothing,UPI
TXN967161,2024-01-09,436.64,Supermarket,UPI
TXN244453,2024-01-13,46.49,Restaurant,Debit Card
TXN873782,2024-02-14,332.02,Online Store,Cash
TXN972206,2024-01-31,216.44,Online Store,UPI
TXN440165,2024-02-16,220.7,Restaurant,Credit Card
TXN939356,2024-01-28,451.05,Restaurant,Cash
TXN951371,2024-02-04,129.06,Clothing,Net Banking
TXN607680,2024-01-21,212.81,Restaurant,Credit Card
TXN327836,2024-02-16,341.23,Electronics,Credit Card
TXN373190,2024-02-01,72.06,Online Store,UPI
TXN911600,2024-02-13,113.29,Clothing,Debit Card
TXN933832,2024-01-19,230.94,Clothing,UPI
TXN151963,2024-02-03,203.8,Restaurant,Cash
TXN910828,2024-02-19,27.79,Restaurant,Debit Card
TXN427167,2024-01-11,56.91,Clothing,UPI
TXN682595,2024-02-18,33.83,Supermarket,Credit Card
TXN186240,2024-01-23,264.7,Online Store,Debit Card
TXN201761,2024-02-06,124.31,Electronics,Debit Card
TXN871358,2024-02-03,105.39,Clothing,UPI
TXN349992,2024-01-03,251.54,Supermarket,Debit Card
TXN359988,2024-01-02,305.41,Clothing,Debit Card
TXN635256,2024-01-08,300.35,Electronics,Credit Card
TXN623530,2024-01-06,375.48,Electronics,UPI
TXN384289,2024-01-31,406.39,Electronics,Cash
TXN723195,2024-01-14,202.44,Restaurant,Net Banking
TXN778209,2024-01-02,231.18,Online Store,Credit Card
TXN347738,2024-02-11,56.46,Clothing,Credit Card
TXN804717,2024-02-15,230.67,Restaurant,Net Banking
TXN601480,2024-01-27,381.86,Restaurant,Cash
TXN561110,2024-01-25,316.99,Clothing,Debit Card
TXN813722,2024-02-13,49.73,Restaurant,Credit Card
TXN843274,2024-01-29,50.1,Restaurant,Credit Card
TXN366672,2024-01-23,260.32,Electronics,Cash
TXN262441,2024-01-22,49.1,Restaurant,Credit Card
TXN456592,2024-01-11,483.09,Supermarket,Debit Card
TXN131280,2024-01-24,32.65,Clothing,Cash
TXN104139,2024-02-18,71.87,Clothing,UPI
TXN829838,2024-01-09,165.65,Restaurant,Net Banking
TXN841545,2024-01-11,347.66,Clothing,UPI
TXN625788,2024-01-03,315.09,Supermarket,Credit Card
TXN758971,2024-02-14,173.52,Electronics,Debit Card
TXN761233,2024-02-16,27.46,Clothing,Debit Card
TXN338748,2024-01-05,261.43,Restaurant,UPI
TXN455995,2024-01-23,446.13,Clothing,Debit Card
TXN848375,2024-02-19,245.41,Electronics,Debit Card
TXN162091,2024-01-25,247.85,Electronics,Net Banking
TXN852724,2024-02-08,308.06,Clothing,Net Banking
TXN621948,2024-01-15,435.3,Online Store,Credit Card
TXN988705,2024-01-26,145.6,Supermarket,Cash
TXN808183,2024-02-11,80.93,Restaurant,Cash
TXN356235,2024-01-23,498.52,Online Store,Cash
TXN410248,2024-01-12,39.49,Supermarket,Debit Card
TXN670072,2024-02-15,68.34,Electronics,UPI
TXN151188,2024-01-22,274.55,Restaurant,Cash
TXN169789,2024-01-14,178.51,Restaurant,Debit Card
TXN743113,2024-01-08,195.15,Electronics,Debit Card
TXN468148,2024-01-12,165.1,Electronics,Credit Card
TXN637566,2024-01-23,124.17,Supermarket,Credit Card
TXN355609,2024-01-12,191.81,Restaurant,Net Banking
TXN291900,2024-01-26,382.38,Clothing,Net Banking
TXN103859,2024-02-04,210.18,Electronics,Debit Card
TXN303120,2024-01-24,213.92,Supermarket,Cash
TXN311158,2024-02-14,455.57,Online Store,Net Banking
TXN108668,2024-02-16,106.36,Clothing,Net Banking
TXN395153,2024-02-19,410.24,Restaurant,Debit Card
TXN505241,2024-01-30,38.08,Supermarket,Debit Card
TXN580903,2024-02-06,327.34,Restaurant,Cash
TXN679758,2024-02-02,307.17,Supermarket,UPI
TXN523967,2024-01-20,294.61,Clothing,Debit Card
TXN491445,2024-02-01,191.36,Online Store,UPI
TXN958589,2024-01-10,404.99,Online Store,Debit Card
TXN613504,2024-01-04,374.22,Supermarket,Credit Card
TXN545401,2024-01-16,433.76,Supermarket,Cash
TXN617601,2024-02-12,197.89,Restaurant,Cash
TXN840907,2024-01-03,327.36,Electronics,Debit Card
TXN666170,2024-02-14,165.64,Restaurant,Net Banking
TXN731442,2024-02-05,389.8,Clothing,Net Banking
TXN325180,2024-01-24,447.94,Clothing,Credit Card
TXN166614,2024-01-26,236.8,Online Store,Credit Card
TXN169008,2024-02-05,157.55,Supermarket,Credit Card
TXN138149,2024-02-10,301.43,Supermarket,Credit Card
TXN343947,2024-01-31,340.47,Supermarket,Debit Card
TXN544868,2024-01-19,346.97,Online Store,Credit Card
TXN813785,2024-01-29,268.75,Electronics,Cash
TXN556228,2024-01-28,239.69,Online Store,UPI
TXN389028,2024-02-07,265.68,Restaurant,Debit Card
TXN111793,2024-01-15,332.91,Supermarket,Net Banking
TXN223428,2024-01-07,186.16,Clothing,Net Banking
TXN454501,2024-02-12,184.4,Restaurant,Cash
TXN159101,2024-01-07,486.63,Supermarket,Cash
TXN682671,2024-01-03,465.56,Restaurant,Cash
TXN535815,2024-01-27,348.31,Electronics,UPI
TXN997018,2024-01-03,325.53,Electronics,Debit Card
TXN771716,2024-01-24,292.8,Online Store,Net Banking
TXN226100,2024-01-11,13.04,Electronics,Cash
